InputTerm,BestMatch,URI,Comment
#0+,,,
#0,,,
#I,,,
#II,,,
#III,,,
dematiaceous anamorph,dematiaceous anamorph,,
coelomycetous anamorph,coelomycetous anamorph,,
anamorph,anamorph,,
synnemata,synnemata,,
synnemat,synnemata,,
synnema,synnemata,,
protospore,protospore,,
protospores,protospore,,
Brood,brood,,
brood,brood,,
alate,alate,,
aerial,aerial,,
acorn,acorn,,
amphispore,amphispore,,
anamorph,anamorph,,
ascigerous,ascigerous,,
Ascigerous,Ascigerous,,
ascostromata,ascostroma,,
ascostroma,ascostroma,,
autumn form,autumn form,,
autumn generation larva,larva,http://purl.obolibrary.org/obo/UBERON_0002548,
after hatching year,after hatching year,,
carrion,carrion,,
carrion (adult),carrion adult,,
carrion (juvenile),carrion juvenile,,
euparthenitae,euparthenitae,,
parthenitae,parthenitae,,
parthenita,parthenitae,,
Parthenitae,parthenitae,,
Parthinitae,parthenitae,,
pseudosclerotia,pseudosclerotia,,
redia,redia,,
rediae,redia,,
redium,redium,,
aptera,aptera,,
dead chrysalis,dead chrysalis,,
duckling,duckling,,
transitional,transitional,,
aethalium,aethalium,,
agamic gall,agamic gall,,
agamic larva,larva,http://purl.obolibrary.org/obo/UBERON_0002548,
ancient,ancient,,
antheridial,antheridial,,
blanket,blanket,,
bogs,bogs,,
boring,boring,,
borings,boring,,
brash,brash,,
buck,buck,,
bush,bush,,
capitulum,capitulum,,
cephalont,cephalont,,
clippings,clippings,,
coccidial oocyst,coccidial oocyst,,
coccidium,coccidium,,
corpse,corpse,,
cubs,cub,,
cub,cub,,
debris herbaceous,debris herbaceous,,
debris woody,woody debris,,
debris,debris,,
doe,doe,,
dung,dung,,
egg_mass,egg mass,,
Egg mass,egg mass,,
ergot,ergot,,
exuviae,exuvia,,
exuvia,exuvia,,
exuvium,exuvia,,
exxuvia,exuvia,,
fallen,fallen,,
Fallen leaves,allen leaf,,
Fallen branches,fallen branch,,
feeding stage,feeding stage,,
fledig,fledig,,
Fledig,fledig,,
floatblast,floatblast,,
Floatblast,floatblast,,
fundatrigenia,fundatrigenia,,
fundatrispuria,fundatrispuria,,
fundatrix nymph,fundatrix nymph,,
Fundatrix nymph,fundatrix nymph,,
fundatrix,fundatrix,,
furcocercaria,furcocercaria,,
grain,grain,,
pelagic,pelagic,,
guano,guano,http://purl.obolibrary.org/obo/AGRO_00020003,
gallicola nymph,nymph stage,http://purl.obolibrary.org/obo/UBERON_0014405,
echinostome cercaria,cercaria,http://purl.obolibrary.org/obo/UBERON_0018388,
ecdysis,ecdysis,http://purl.obolibrary.org/obo/GO_0018990,
coastal or salted road verges,coastal or salted road verges,,
chlamydospore,chlamydospore,http://purl.obolibrary.org/obo/FAO_0000067,
Coenurus larva,coenurus,http://snomed.info/id/55445003,
coenurus larva,coenurus,http://snomed.info/id/55445003,
coenurus,coenurus,http://snomed.info/id/55445003,
avanthor larva,larva,http://purl.obolibrary.org/obo/UBERON_0002548,
acanthor larva,larva,http://purl.obolibrary.org/obo/UBERON_0002548,
aphidivorous larva,larva,http://purl.obolibrary.org/obo/UBERON_0002548,
developed,mature,http://purl.obolibrary.org/obo/PATO_0001701,
1° instar,first instar larva stage,http://purl.obolibrary.org/obo/UBERON_8000000,
2° instar,second instar larva stage,http://purl.obolibrary.org/obo/UBERON_8000001,
3° instar,third instar larva stage,http://purl.obolibrary.org/obo/UBERON_8000002,
4° instar,fourth instar larva stage,http://purl.obolibrary.org/obo/UBERON_8000003,
years,year,http://purl.obolibrary.org/obo/NCIT_C29848,
year,year,http://purl.obolibrary.org/obo/NCIT_C29848,
-year,year,http://purl.obolibrary.org/obo/NCIT_C29848,
months,month,http://purl.obolibrary.org/obo/NCIT_C29846,
weeks,week,http://purl.obolibrary.org/obo/NCIT_C29844,
week,week,http://purl.obolibrary.org/obo/NCIT_C29844, 
weeks old,week,http://purl.obolibrary.org/obo/NCIT_C29844,
days,day,http://purl.obolibrary.org/obo/NCIT_C25301,
fluke,fluke,http://purl.obolibrary.org/obo/UBERON_0013131,
food store,food store,,
food stores,food store,,
gall first generation,gall first generation,,
gall,gall,,
gallery,gallery,,
hedge tree,hedge tree,,
hexacanth,hexacanth,,
hop inflorescence mulch,hop inflorescence mulch,,
hydatid cyst,hydatid cyst,,
hyphal mat,hyphal mat,,
hypothallus,hypothallus,,
hysteriothecium,hysteriothecium,,
hysterothecium,hysteriothecium,,
hysterothecia,hysteriothecia,,
imperfect state,imperfect,,
imperfect,imperfect,,
mite,mite,,
multi-stemmed plant,multi-stemmed plant,,
mycelial fan,mycelial fan,,
mycelial mat,mycelial mat,,
napulii,nauplius,,
naupliii,nauplius,,
nauplii,nauplius,,
nauplius,nauplius,,
nauplius I,nauplius I,,
nauplius II,nauplius II,,
nauplius III,nauplius III,,
nauplius IV,nauplius IV,,
nauplius V,nauplius V,,
nauplius VI,nauplius VI,,
needle litter,needle litter,,
nektonic,nektonic,,
not weaned,not weaned,,
often non-flowering,often non-flowering,,
old living tree,old living tree,,
old tree,old tree,,
young tree,young tree,,
old large tree,old large tree,,
worm,worm,,
worked wood,worked wood,,
worked wood (chipboard),worked wood,,
over-winter,over-winter,,
winter condition,winter condition,,
wingless,wingless,,
wilted,wilted,,
phyllosoma,phyllosome,,
phyllosome,phyllosome,,
plerocerci,plerocercoid,,
plerocercus,plerocercoid,,
pleurocercoid,plerocercoid,,
plerocercoid,plerocercoid,,
podetium,podetium,,
poorly developed tree,poorly developed tree,,
postlarvae,post-larval,,
post larval,post-larval,,
post-larval,post-larval,,
postlarva,post-larval,,
post-oncomiracidium 1a,post-oncomiracidium 1a,,
post-oncomiracidium 2a,post-oncomiracidium 2a,,
preadult,preadult,,
Procercoid,procercoid,,
procercoid,procercoid,,
protomite,protomite,,
tomite,tomite,,
tomont,tomont,,
pseudostroma,pseudostroma,,
pseudothecia,pseudothecium,,
pseudothecium,pseudothecium,,
pycnidium,pycnidium,,
pycnidia,pycnidium,,
pycndium,pycnidium,,
pycnidum,pycnidium,,
pynium,pycnidium,,
queen newly mated,queen newly mated,,
queen,queen,,
rot hole,rot hole,,
"Rust life stage 0,i",rust life stage 0-i,, 
"Rust life stage 0,I",rust life stage 0-i,, 
Rust life stage 0 1,rust life stage 0-i,,
"Rust life stage (0), i",rust life stage 0-i,,
Rust life stage 0 & i,rust life stage 0-i,,
"Rust life stage 0, i",rust life stage 0-i,,
"Rust life stage (0), I",rust life stage 0-i,,
"Rust life stage 0, I",rust life stage 0-i,,
Rust life stage 0 i,rust life stage 0-i,,
"Rust life stage 0,i",rust life stage 0-i,,
Rust life stage 0-i,rust life stage 0-i,,
Rust life stage 0 I,rust life stage 0-i,,
"Rust life stage 0,I",rust life stage 0-i,,
Rust life stage 0-I,rust life stage 0-i,,
"Rust life stage (0), i",rust life stage 0-i,,
Rust life stage 0 & i,rust life stage 0-i,,
"Rust life stage 0, i",rust life stage 0-i,,
"Rust life stage (0), I",rust life stage 0-i,,
"Rust life stage 0, I",rust life stage 0-i,,
"Rust life stage 0, ii",rust life stage 0 ii,,
Rust life stage 0. ii,rust life stage 0 ii,,
Rust life stage 0 ii,rust life stage 0 ii,,
"Rust life stage 0, ii",rust life stage 0 ii,,
Rust life stage 0. ii,rust life stage 0 ii,,
"Rust life stage 0, I, II",rust life stage 0-iii,,
"Rust life stage 0, I, II",rust life stage 0-iii,,
Rust life stage 0 i ii,rust life stage 0 i ii,,
Rust life stage 0 iii,rust life stage 0 iii,,
Rust life stage 0-iii,rust life stage 0-iii,,
Rust life stage 0 i Ii,rust life stage 0-ii,,
Rust life stage 0-I-II,rust life stage 0-ii,,
Rust life stage 0? iii,rust life stage 0 iii,,
"Rust life stage 0, I, II",rust life stage 0-ii,,
Rust life stage 0 i (iii),rust life stage 0 i iii,,
Rust life stage 0 i iii,rust life stage 0 i iii,,
Rust life stage 0 i Iii,rust life stage 0 i iii,,
Rust life stage 0-I-III,rust life stage 0 i iii,,
Rust life stage 0; (ii iii),rust life stage 0 ii iii,,
"Rust life stage 0, II (iii)",rust life stage 0 ii iii,,
"Rust life stage 0, ii, iii",rust life stage 0 ii iii,,
"Rust life stage 0; (ii, iii)",rust life stage 0 ii iii,,
"Rust life stage 0, ii, iii",rust life stage 0 ii iii,,
"Rust life stage 0; (ii, iii)",rust life stage 0 ii iii,,
Rust life stage 0 ii iii,rust life stage 0 ii iii,,
"Rust life stage 0, ii, iii",rust life stage 0 ii iii,,
"Rust life stage 0; (ii iii)",rust life stage 0 ii iii,,
"Rust life stage 0; (ii, iii)",rust life stage 0 ii iii,,
"Rust life stage 0, II (iii)",rust life stage 0 ii iii,,
"Rust life stage 0 i (ii, iii)",rust life stage 0-iii,,
"Rust life stage 0, i, ii, iii",rust life stage 0-iii,,
"Rust life stage 0, I, II, III",rust life stage 0-iii,,
"Rust life stage 0,, I, II, III",rust life stage 0-iii,,
"Rust life stage 0, i, ii, iii",rust life stage 0-iii,,
"Rust life stage 0, I, II, III",rust life stage 0-iii,,
"Rust life stage 0,, I, II, III",rust life stage 0-iii,,
"Rust life stage 0, i, ii, iii",rust life stage 0-iii,,
"Rust life stage 0, I, II, III",rust life stage 0-iii,,
"Rust life stage 0,, I, II, III",rust life stage 0-iii,,
Rust life stage 0 i (ii iii),rust life stage 0-iii,,
"Rust life stage 0 i (ii, iii)",rust life stage 0-iii,,
Rust life stage 0 i ii iii,rust life stage 0-iii,,
Rust life stage 0 i Ii Iii,rust life stage 0-iii,,
Rust life stage 0-I-II-III,rust life stage 0-iii,,
"Rust life stage 0, i, ii, iii",rust life stage 0-iii,,
"Rust life stage 0, I, II, III",rust life stage 0-iii,,
"Rust life stage 0,, I, II, III",rust life stage 0-iii,,
"Rust life stage 0 ii; (ii, iii)",rust life stage 0 ii iii,,
"Rust life stage 0 ii; (ii, iii)",rust life stage 0 ii iii,,
"Rust life stage 0 ii; (ii, iii)",rust life stage 0 ii iii,,
Rust life stage 0 iii; (ii iii),rust life stage 0 ii iii,,
"Rust life stage 0 i Ii; (ii, iii)",rust life stage 0-iii,,
"Rust life stage 0 i Ii; (ii, iii)",rust life stage 0-iii,,
Rust life stage 0 iii; (ii iii),rust life stage 0 ii iii,,
"Rust life stage 0 i Ii; (ii, iii)",rust life stage 0-iii,,
Rust life stage 0 i Iii; (ii iii),rust life stage 0-iii,,
"Rust life stage 0 i Iii; (ii, iii)",rust life stage 0-iii,,
"Rust life stage 0 i Iii; (ii, iii)",rust life stage 0-iii,,
Rust life stage 0 i Iii; (ii iii),rust life stage 0-iii,,
"Rust life stage 0 i Iii; (ii, iii)",rust life stage 0-iii,,
"Rust life stage 0 i Ii Iii; (ii, iii)",rust life stage 0-iii,,
"Rust life stage 0 i Ii Iii; (ii, iii)",rust life stage 0-iii,,
Rust life stage 0 i Ii Iii (ii iii),rust life stage 0-iii,,
"Rust life stage 0 i Ii Iii; (ii, iii)",rust life stage 0-iii,,
"Rust life stage 0, I sp.",rust life stage 0-i,,
"Rust life stage 0, I sp.",rust life stage 0-i,,
"Rust life stage 0, I sp.",rust life stage 0-i,,
Rust life stage 0 sp.,rust life stage 0,,
"Rust life stage ,",rust life stages,,
"Rust life stage I, 0",rust life stages 0-i,,
Rust life stage i 0,rust life stages 0-i,,
"Rust life stage Ib,III",rust life stages ib iii,,
"Rust life stage i, ii",rust life stages i-ii,,
"Rust life stage I, II",rust life stages i-ii,,
Rust life stage i iii 0,rust life stages 0 i iii,,
"Rust life stage (i), iii",rust life stages i iii,,
Rust life stage i & iii,rust life stages i iii,,
"Rust life stage i, -iii",rust life stages i iii,,
"Rust life stage i, iii",rust life stages i iii,,
"Rust life stage i, iii?",rust life stages i iii,,
"Rust life stage i, III",rust life stages i iii,,
"Rust life stage I, iii",rust life stages i iii,,
Rust life stage I & III,rust life stages i iii,,
"Rust life stage I, III",rust life stages i iii,,
"Rust life stage I,III",rust life stages i iii,,
Rust Life Stage I & III,rust life stages i iii,,
"Rust Life Stage I, III",rust life stages i iii,,
"Rust life stage II, II",rust life stages ii,,
"Rust life stage III, i",rust life stages i iii,,
"rust life stage II, III",rust life stages ii iii,,
"Rust life stage (ii), iii",rust life stages ii iii,,
"Rust life stage (ii),iii",rust life stages ii iii,,
Rust life stage ii & iii,rust life stages ii iii,,
"Rust life stage ii, (iii)",rust life stages ii iii,,
"Rust life stage ii, iii",rust life stages ii iii,,
"Rust life stage ii, iii ?",rust life stages ii iii,,
"Rust life stage ii,iii",rust life stages ii iii,,
"Rust life stage II, iii",rust life stages ii iii,,
"Rust life stage (II), III",rust life stages ii iii,,
"Rust life stage (II),III",rust life stages ii iii,,
Rust life stage II & III,rust life stages ii iii,,
"Rust life stage II, (III)",rust life stages ii iii,,
"Rust life stage II, III",rust life stages ii iii,,
"Rust life stage II,(III)",rust life stages ii iii,,
"Rust life stage II,III",rust life stages ii iii,,
"Rust Life Stage II, iii",rust life stages ii iii,,
"Rust Life Stage II, III",rust life stages ii iii,,
"Rust Life Stage II,III",rust life stages ii iii,,
"Rust life stage iii, ii?",rust life stages ii iii,,
"Rust life stage III, ii",rust life stages ii iii,,
"Rust life stage III, II",rust life stages ii iii,,
"Rust Life Stage III, ii",rust life stages ii iii,,
Rust life stage i ?; (ii iii),rust life stages i-iii,,
"Rust Life Stage II,IIII",rust life stages ii iii,,
"Rust life stage i (ii, iii)",rust life stages i-iii,,
Rust life stage i ii; (iii),rust life stages i-iii,,
"Rust life stage i, ii, iii",rust life stages i-iii,,
"Rust life stage i.; (ii, iii)",rust life stages i-iii,,
"Rust life stage i ?, Ii ?, Iii",rust life stages i-iii,,
"Rust life stage I, II, III",rust life stages i-iii,,
"Rust life stage I,II,III",rust life stages i-iii,,
"Rust life stage i, ii, iii",rust life stages i-iii,,
"Rust life stage i.; (ii, iii)",rust life stages i-iii,,
"Rust life stage i ?, Ii ?, Iii",rust life stages i-iii,,
"Rust life stage I, II, III",rust life stages i-iii,,
"Rust life stage I,II,III",rust life stages i-iii,,
"Rust life stage ii (ii, iii)",rust life stages ii iii,,
"Rust life stage i ii (ii, iii)",rust life stages i-iii,,
"Rust life stage i-ii; (ii, iii)",rust life stages i-iii,,
"Rust life stage iii (ii, iii)",rust life stages ii-iii,,
"Rust life stage i-ii; (ii, iii)",rust life stages i-iii,,
Rust life stage i iii?; (ii iii),rust life stages i-iii,,
Rust life stage i? iii; (ii iii),rust life stages i-iii,,
"Rust life stage i iii (ii, iii)",rust life stages i-iii,,
"Rust life stage i-iii; (ii, iii)",rust life stages i-iii,,
"Rust life stage i-iii; (ii, iii)",rust life stages i-iii,,
"Rust life stage ii (iii); (ii, iii)",rust life stages ii-iii,,
"Rust life stage ii iii (ii, iii)",rust life stages ii-iii,,
"Rust life stage ii-iii; (ii, iii)",rust life stages ii-iii,,
"Rust life stage ii (iii); (ii, iii)",rust life stages ii-iii,,
"Rust life stage ii-iii; (ii, iii)",rust life stages ii-iii,,
"Rust life stage i ii Iii (ii, iii)",rust life stages i-iii,,
"Rust life stage II, III sp.",rust life stages ii-iii,,
"Rust life stage II, III sp.",rust life stages ii-iii,,
"Rust life stage iii, iv",rust life stages iii-iv,,
"Rust life stage III, leptospores",rust life stages iii,,
Rust life stage III (& some I),rust life stages i iii,,
Rust life stage III sp.,rust life stages iii,,
Rust life stage II sp.,rust life stages ii,,
"Rust life stage II, X",rust life stages ii x,,
"Rust life stage II, X, III",rust life stages ii iii x,,
"Rust life stage II, X, III",rust life stages ii iii x,,
"rust Life Stage Ist Life Stage II,III",rust life stages i-iii,,
"Rust Life Stage Iust Life Stage II,III",rust life stages i-iii,,
"Rust life stage macrocyclic, autoecious",rust life stages,,
"Rust life stage o, i",rust life stages 0-i,,
"Rust life stage O, I",rust life stages 0-i,,
"Rust life stage O,I",rust life stages 0-i,,
"Rust life stage O, III",rust life stages 0 iii,,
"Rust life stage O,I,(II)",rust life stages 0-ii,,
"Rust life stage O,I,II",rust life stages 0-ii,,
"Rust life stage O,I,(II)",rust life stages 0-ii,,
"Rust life stage O,I,II",rust life stages 0-ii,,
"Rust life stage O,I,III",rust life stages 0-iii,,
"Rust life stage O,I,III",rust life stages 0-iii,,
"Rust life stage (O,II),III",rust life stages 0 ii iii,,
"Rust life stage (O,II),III",rust life stages 0 ii iii,,
"Rust life stage o i (ii, iii)",rust life stages 0-iii,,
"Rust life stage (O,I), II, III",rust life stages 0-iii,,
"Rust life stage O,I,II,III",rust life stages 0-iii,,
"Rust life stage (O,I), II, III",rust life stages 0-iii,,
"Rust life stage O,I,II,III",rust life stages 0-iii,,
"Rust life stage (O,I), II, III",rust life stages 0-iii,,
"Rust life stage O,I,II,III",rust life stages 0-iii,,
"Rust life stage o iii (ii, iii)",rust life stages 0 ii iii,,
Rust life stages II & III,rust life stages ii iii,,
"rust Life Stage X, III",rust life stages iii x,,
"Rust life stage X, iii",rust life stages iii x,,
"Rust life stage X, III",rust life stages iii x,,
"Rut life stage 0, I, II, III",rust life stages 0-iii,,
"Rut life stage 0, I, II, III",rust life stages 0-iii,,
"Rut life stage 0, I, II, III",rust life stages 0-iii,,
"Rut life stage 0, I, II, III",rust life stages 0-iii,,
"Ruts life stage II, III",rust life stages ii iii,,
Rust life stage 0,rust life stage 0,,
Rust Life Stage 0,rust life stage 0,,
Rust lfie stage 0,rust life stage 0,,
rust lfie stage ii,rust life stage ii,,
rust life stage aecioid iii-iii,rust life stage aecioid iii,,
rust life stage aecioid iii,rust life stage aecioid iii,,
rust life stage aecioid-iii,rust life stage aecioid iii,,
rust life stage aecoid iii-iii,rust life stage aecioid iii,,
rust life stage an-iii,rust life stage iii,,
rust life stage an,rust life stage,,
rust life stage ib,rust life stage ib,,
rust life stage ihi,rust life stage ihi,,
rust life stage iib,rust life stage iib,,
rust life stage iii aecioid microcyclic,rust life stage iii,,
rust life stage iii endocyclic,rust life stage iii,,
rust life stage ii iia,rust life stage ii-iia,,
rust life stage i ii iii ii iii,rust life stage i-iii,,
rust life stage ii iii ii iii,rust life stage ii-iii,,
rust life stage i ii iii iii,rust life stage i-iii,,
rust life stage i iii ii iii,rust life stage i-iii,,
rust life stage i ii ii iii,rust life stage i-iii,,
rust life stage i ii iii ii,rust life stage i-iii,,
rust life stage ii iii iii,rust life stage ii-iii,,
rust life stage iii ii iii,rust life stage ii-iii,,
rust life stage i iii iii,rust life stage i iii,,
rust life stage ii ii iii,rust life stage ii-iii,,
rust life stage ii iii ii,rust life stage ii-iii,,
rust life stage i ii iii,rust life stage i-iii,,
rust life stage i iii ii,rust life stage i-iii,,
rust life stage i-ii-iii,rust life stage i-iii,,
rust life stage iii iii,rust life stage iii,,
rust life stage iii-iii,rust life stage iii,,
rust life stage ii iii iv,rust life stage ii-iv,,
rust life stage ii-iii-m,rust life stage ii-iii,,
rust life stage i ii ii,rust life stage i-ii,,
rust life stage ii  iii,rust life stage ii-iii,,
rust life stage ii iii,rust life stage ii-iii,,
rust life stage ii-iii,rust life stage ii-iii,,
rust life stage iii ii,rust life stage ii-iii,,
rust life stage ii iii x,rust life stage ii iii x,,
rust life stage i iii,rust life stage i iii,,
rust life stage i-iii,rust life stage i-iii,,
rust life stage ii ii,rust life stage ii,,
rust life stage ii-ii,rust life stage ii,,
rust life stage iii i,rust life stage i iii,,
rust life stage iiii,rust life stage iii,,
rust life stage iii iv,rust life stage iii-iv,,
rust life stage i iii x,rust life stage i iii x,,
rust life stage iii microcyclic,rust life stage iii,,
rust life stage ii imi,rust life stage ii imi,,
rust life stage iii-m,rust life stage iii-m,,
rust life stage iii sp,rust life stage iii,,
rust life stage i  ii,rust life stage i-ii,,
rust life stage i ii,rust life stage i-ii,,
rust life stage i-ii,rust life stage i-ii,,
rust life stage ii i,rust life stage i-ii,,
rust life stage iii,rust life stage iii,,
rust life stage ii iv,rust life stage ii iv,,
rust life stage iilife stage iii,rust life stage ii-iii,,
rust life stage ii only minute,rust life stage ii,,
rust life stage ii only,rust life stage ii,,
rust life stage ii sp,rust life stage ii,,
rust life stage ii,rust life stage ii,,
rust life stage ii  x iii,rust life stage ii iii x,,
rust life stage ii x iii,rust life stage ii iii x,,
rust life stage ii-x-iii,rust life stage ii iii x,,
rust life stage ii x,rust life stage ii x,,
rust life stage ii-x,rust life stage ii x,,
rust life stage ist life stage iii,rust life stage i iii,,
rust life stage ist life stage ii,rust life stage i-ii,,
rust life stage it life stage iii,rust life stage i iii,,
rust life stage it life stage ii,rust life stage ii,,
rust life stage i,rust life stage i,,
rust life stage iust life stage ii,rust life stage ii,,
rust life stage iv,rust life stage iv,,
rust life stage jj,rust life stage jj,,
rust life stage macrocyclic,rust life stage macrocyclic,,
rust life stage m-iii,rust life stage m-iii,,
rust life stage o i ii iii ii iii,rust life stage 0-iii,,
rust life stage o ii iii ii iii,rust life stage 0-iii,,
rust life stage o i ii iii iii,rust life stage 0-iii,,
rust life stage o i iii ii iii,rust life stage 0-iii,,
rust life stage o i ii ii iii,rust life stage 0-iii,,
rust life stage o iii ii iii,rust life stage 0 ii iii,,
rust life stage o ii ii iii,rust life stage 0 ii iii,,
rust life stage o  i ii iii,rust life stage 0-iii,,
rust life stage o i ii iii,rust life stage 0-iii,,
rust life stage o ii iii,rust life stage 0 ii iii,,
rust life stage o iii ii,rust life stage 0 ii iii,,
rust life stage o i iii,rust life stage 0 i iii,,
rust life stage o i ii,rust life stage 0 i ii,,
rust life stage o iii,rust life stage 0 iii,,
rust life stage o ii,rust life stage 0 ii,,
rust life stage o-ii,rust life stage 0-ii,,
rust life stage o i,rust life stage 0-i,,
rust life stage o-i,rust life stage 0-i,,
rust life stage only ii seen,rust life stage ii,,
rust life stage o,rust life stage 0,,
rust life stages ii,rust life stage ii,,
rust life stage telial stage,rust life telial,,
rust life stage telia,rust life stage telial,,
rust life stage,rust life stage,,
rust life stage uredinioispore,uredospore,http://purl.obolibrary.org/obo/FAO_0000026,
rust life stage urediniospore,uredospore,http://purl.obolibrary.org/obo/FAO_0000026,
rust life stage x iii,rust life stage iii x,,
rust life stage x ii,rust life stage ii x,,
rust life stage x,rust life stage x,,
rust life state iii,rust life stage iii,,
rust life state ii,rust life stage ii,,
rust life state i,rust life stage i,,
rust life tage i,rust life stage i,,
rust,rust,http://purl.obolibrary.org/obo/PSO_0000225,
ruts life stage ii,rust life stage ii,,
Reproductive Condition,reproductive condition,,
Reproductive Status,reproductive condition,,
non-reproductive,non-reproductive,,
not mature,immature,http://purl.obolibrary.org/obo/PATO_0001501,
sawdust mulch,sawdust,,
sawdust,sawdust,,
small,small,,
semi-adult,semi-adult,,
spermatium,spermatium,,
telia,telial,,
Telia,telial,,
telial,telial,,
telial stage,telial,,
strobilocercus,strobilocercus,,
sprouting,sprouting stage,,
sprouting stage,sprouting stage,,
sclerotium,sclerotium,http://purl.obolibrary.org/obo/FAO_0001008,
sclerotia,sclerotium,http://purl.obolibrary.org/obo/FAO_0001008,
sisal-rope boat fender,sisal-rope boat fender,,
soil near nest,soil near nest,,
sporangial sorus,sporangial sorus,,
sporont,sporont,,
sporodochium,sporodochium,,
standing tree,standing tree,,
tree,tree,,
stromatal strand,stromatal strand,,
stromatic strand,stromatic strand,,
Sexual stromata,sexual stromata,
Stromata,stromata,,
Spermagones.,spermagonium,,
spermagones,spermagonium,,
Spermagones.,spermagonium,,
"Stage III, Teleutospore.",teliospore,http://purl.obolibrary.org/obo/FAO_0000022,
Teleutospores.,teliospore,http://purl.obolibrary.org/obo/FAO_0000022,
Teleutospores only.,teliospore,http://purl.obolibrary.org/obo/FAO_0000022,
turf,peat soil,http://purl.obolibrary.org/obo/ENVO_00005774,
stubble,stubble,,
stump,stump,,
teliosorus,teliosorus,,
teleomorph,teleomorph,,
teneral,teneral,,
tricellula,tricellula,,
summer generation larva,larva,http://purl.obolibrary.org/obo/UBERON_0002548,
sorus,sorus,http://purl.obolibrary.org/obo/PO_0025359,
sori,sorus,http://purl.obolibrary.org/obo/PO_0025359,
Presumably immature stages,immature,http://purl.obolibrary.org/obo/PATO_0001501,
plasmodium,plasmodium,http://purl.obolibrary.org/obo/BTO_0000757,1.0000
nestling,nestling,http://purl.obolibrary.org/obo/UBERON_0007221,
neotenic_adult,neotenous growth,http://purl.obolibrary.org/obo/PATO_0001491,
naiad,larva,http://purl.obolibrary.org/obo/UBERON_0002548,
oospore,oospore,http://purl.obolibrary.org/obo/FAO_0000039,
mucus,mucus,http://purl.obolibrary.org/obo/UBERON_0000912,
abundant sporulation,sporulation,http://purl.obolibrary.org/obo/APO_0000041,
acarosporium coelomycetous anamorph,conidiation,http://purl.obolibrary.org/obo/APO_0000295,
acult,adult organism,http://purl.obolibrary.org/obo/UBERON_0007023,
adlt,adult organism,http://purl.obolibrary.org/obo/UBERON_0007023,
dult,adult organism,http://purl.obolibrary.org/obo/UBERON_0007023,
adullt,adult organism,http://purl.obolibrary.org/obo/UBERON_0007023,
àdult,adult organism,http://purl.obolibrary.org/obo/UBERON_0007023,
adutl,adult organism,http://purl.obolibrary.org/obo/UBERON_0007023,
adut,adult organism,http://purl.obolibrary.org/obo/UBERON_0007023,
aecial gall,aecium,http://purl.obolibrary.org/obo/FAO_0000056,
aecial stage,aecium,http://purl.obolibrary.org/obo/FAO_0000056,
aecial,aecium,http://purl.obolibrary.org/obo/FAO_0000056,
aecia,aecium,http://purl.obolibrary.org/obo/FAO_0000056,
aecidia only,aecium,http://purl.obolibrary.org/obo/FAO_0000056,
aecidia,aecium,http://purl.obolibrary.org/obo/FAO_0000056,
aecidiospore,aecium,http://purl.obolibrary.org/obo/FAO_0000056,
aecidium form,aecium,http://purl.obolibrary.org/obo/FAO_0000056,
aecidium i,aecium,http://purl.obolibrary.org/obo/FAO_0000056,
aecidium,aecium,http://purl.obolibrary.org/obo/FAO_0000056,
aecidium!,aecium,http://purl.obolibrary.org/obo/FAO_0000056,
aecium,aecium,http://purl.obolibrary.org/obo/FAO_0000056,
aged,old,http://purl.obolibrary.org/obo/PATO_0000308,
algae,algal material,http://purl.obolibrary.org/obo/ENVO_01001189,
alive,alive,http://purl.obolibrary.org/obo/PATO_0001421,
all known life stage,life cycle stage,http://purl.obolibrary.org/obo/UBERON_0000105,
all known parasitic stage,parasite,http://purl.obolibrary.org/obo/ECOCORE_00000146,
all life stage,life cycle stage,http://purl.obolibrary.org/obo/UBERON_0000105,
all parasitic life stage,parasite,http://purl.obolibrary.org/obo/ECOCORE_00000146,
all parasitic stage,parasite,http://purl.obolibrary.org/obo/ECOCORE_00000146,
all stage,fully formed stage,http://purl.obolibrary.org/obo/UBERON_0000066,
all,whole,http://purl.obolibrary.org/obo/PATO_0001446,
androecia,androecium,http://purl.obolibrary.org/obo/PO_0009061,
apothecial,apothecium,http://purl.obolibrary.org/obo/FAO_0001034,
apothecia,apothecium,http://purl.obolibrary.org/obo/FAO_0001034,
apothecium,apothecium,http://purl.obolibrary.org/obo/FAO_0001034,
ascocarp,ascocarp,http://purl.obolibrary.org/obo/FAO_0000008,
aspergillus conidium,conidium,http://purl.obolibrary.org/obo/FAO_0000024,
a uredospore,uredospore,http://purl.obolibrary.org/obo/FAO_0000026,
uredial,uredospore,http://purl.obolibrary.org/obo/FAO_0000026,
uredinia,uredospore,http://purl.obolibrary.org/obo/FAO_0000026,
(Uredo.),uredospore,http://purl.obolibrary.org/obo/FAO_0000026,
Uredo.,uredospore,http://purl.obolibrary.org/obo/FAO_0000026,
uredo,uredospore,http://purl.obolibrary.org/obo/FAO_0000026,
(Uredo),uredospore,http://purl.obolibrary.org/obo/FAO_0000026,
(Uredo.),uredospore,http://purl.obolibrary.org/obo/FAO_0000026,
Uredo,uredospore,http://purl.obolibrary.org/obo/FAO_0000026,
Uredo!,uredospore,http://purl.obolibrary.org/obo/FAO_0000026,
Uredo.,uredospore,http://purl.obolibrary.org/obo/FAO_0000026,
Uredo Form II,uredospore,http://purl.obolibrary.org/obo/FAO_0000026,
Uredo primaria,uredospore,http://purl.obolibrary.org/obo/FAO_0000026,
uredopsores.,uredospore,http://purl.obolibrary.org/obo/FAO_0000026,
Uredospores.,uredospore,http://purl.obolibrary.org/obo/FAO_0000026,
uredo stage,uredospore,http://purl.obolibrary.org/obo/FAO_0000026,
Uredo stage,uredospore,http://purl.obolibrary.org/obo/FAO_0000026,
Uredo-stage,uredospore,http://purl.obolibrary.org/obo/FAO_0000026,
baby,immature,http://purl.obolibrary.org/obo/PATO_0001501,
bark,bark,http://purl.obolibrary.org/obo/PO_0004518,
basidiocarp,basidiocarp,http://purl.obolibrary.org/obo/BTO_0000114,
basidioma,basidiocarp,http://purl.obolibrary.org/obo/BTO_0000114, 
basidiome,basidiocarp,http://purl.obolibrary.org/obo/BTO_0000114, 
beginning of fruiting,fruit initiation stage,http://purl.obolibrary.org/obo/PO_0025503,
fruiting,fruit initiation stage,http://purl.obolibrary.org/obo/PO_0025503,
benthic,marine benthic biome,http://purl.obolibrary.org/obo/ENVO_01000024,
blade,blade-like,http://purl.obolibrary.org/obo/PATO_0002235,
bracket large,bracket,http://purl.obolibrary.org/obo/PATO_0002142,
bracket,bracket,http://purl.obolibrary.org/obo/PATO_0002142,
branches originally prepared for grafting,branch,http://purl.obolibrary.org/obo/PO_0025073,
both with teleuto-,teliospore,http://purl.obolibrary.org/obo/FAO_0000022,
b teleutospore,teliospore,http://purl.obolibrary.org/obo/FAO_0000022,
u. Teleutosporen!,teliospore,http://purl.obolibrary.org/obo/FAO_0000022,
bud developmental stage,bud development stage,http://purl.obolibrary.org/obo/PO_0025528,0.9294
bud,bud,http://purl.obolibrary.org/obo/PO_0000055,1.0000
bulb,bulb,http://purl.obolibrary.org/obo/PO_0025356,1.0000
burrow,burrow,http://purl.obolibrary.org/obo/ENVO_01000429,
c2,copepodite stage 2,http://purl.obolibrary.org/obo/UBERON_8200003,
calf,calf,http://purl.obolibrary.org/obo/UBERON_8480048,
capsule,capsule,http://purl.obolibrary.org/obo/UBERON_0003893,
carca,carcass,http://purl.obolibrary.org/obo/UBERON_0008979,
carpophore,gynophore,http://purl.obolibrary.org/obo/PO_0006330,
caterpillar early,caterpillar stage,http://purl.obolibrary.org/obo/UBERON_0014864,
caterpillar larger,caterpillar stage,http://purl.obolibrary.org/obo/UBERON_0014864,
caterpillar later,caterpillar stage,http://purl.obolibrary.org/obo/UBERON_0014864,
caterpillar,caterpillar stage,http://purl.obolibrary.org/obo/UBERON_0014864,
caterpillar young,caterpillar stage,http://purl.obolibrary.org/obo/UBERON_0014864,
cell,cell,http://purl.obolibrary.org/obo/CL_0000000,
cercarium,cercarium,http://www.ebi.ac.uk/efo/EFO_0007712,
chrysalid,pupal stage,http://purl.obolibrary.org/obo/UBERON_0000070,
chrysalis,pupal stage,http://purl.obolibrary.org/obo/UBERON_0000070,
chrysali,pupal stage,http://purl.obolibrary.org/obo/UBERON_0000070,
chick,chick,http://purl.obolibrary.org/obo/FOODON_00004299,
children,juvenile,http://purl.obolibrary.org/obo/PATO_0001190,
cleistocarp,cleistothecium,http://purl.obolibrary.org/obo/FAO_0000047,
cleistothecia,cleistothecium,http://purl.obolibrary.org/obo/FAO_0000047,
cleistothecium,cleistothecium,http://purl.obolibrary.org/obo/FAO_0000047,
cloth,cloth,http://purl.obolibrary.org/obo/ENVO_02000058,
cocoon remain,cocoon,http://purl.obolibrary.org/obo/UBERON_0013198,
cocoon,cocoon,http://purl.obolibrary.org/obo/UBERON_0013198,
cocoon w,cocoon,http://purl.obolibrary.org/obo/UBERON_0013198,
collection is in mostly the conidial stage,conidium,http://purl.obolibrary.org/obo/FAO_0000024,
colony,colony,http://purl.obolibrary.org/obo/IDO_0000615,
comb,comb,http://purl.obolibrary.org/obo/UBERON_0012176,
compost,compost,http://purl.obolibrary.org/obo/ENVO_00002170,
conidial anamorph,conidium,http://purl.obolibrary.org/obo/FAO_0000024,
conidial fusarium anamorph,conidium,http://purl.obolibrary.org/obo/FAO_0000024,
conidial stage of nectria cinnabarina,conidium,http://purl.obolibrary.org/obo/FAO_0000024,
conidial stage oidium destruens peck,conidium,http://purl.obolibrary.org/obo/FAO_0000024,
conidial stage,conidium,http://purl.obolibrary.org/obo/FAO_0000024,
conidial state,conidium,http://purl.obolibrary.org/obo/FAO_0000024,
conidial,conidium,http://purl.obolibrary.org/obo/FAO_0000024,
conidia of dimerosporium pulchrum,conidium,http://purl.obolibrary.org/obo/FAO_0000024,
conidia only,conidium,http://purl.obolibrary.org/obo/FAO_0000024,
conidia,conidium,http://purl.obolibrary.org/obo/FAO_0000024,
conidioma,conidium,http://purl.obolibrary.org/obo/FAO_0000024,
conidiophore,conidium,http://purl.obolibrary.org/obo/FAO_0000024, 
conidiophores,conidium,http://purl.obolibrary.org/obo/FAO_0000024, 
conidium,conidium,http://purl.obolibrary.org/obo/FAO_0000024,
conjugant,conjugant formation,http://purl.obolibrary.org/obo/GO_0000761,
copepodid,copepodite stage,http://purl.obolibrary.org/obo/UBERON_0014860,
copepodite stage,copepodite stage,http://purl.obolibrary.org/obo/UBERON_0014860,
cyphelloid basidiocarp,basidiocarp,http://purl.obolibrary.org/obo/BTO_0000114,
cypris larva,larva,http://purl.obolibrary.org/obo/UBERON_0002548,
cystercoid,cysticercus stage,http://purl.obolibrary.org/obo/UBERON_0014856,
cysticerci,cysticercus stage,http://purl.obolibrary.org/obo/UBERON_0014856,
cysticercoid,cysticercus stage,http://purl.obolibrary.org/obo/UBERON_0014856,
cysticercus larva,cysticercus stage,http://purl.obolibrary.org/obo/UBERON_0014856,
cysticercus stage,cysticercus stage,http://purl.obolibrary.org/obo/UBERON_0014856,
cystocercoid,cysticercus stage,http://purl.obolibrary.org/obo/UBERON_0014856,
cystocercus larva,cysticercus stage,http://purl.obolibrary.org/obo/UBERON_0014856,
Cystocercus larva,cysticercus stage,http://purl.obolibrary.org/obo/UBERON_0014856,
Cysticercus larva,cysticercus stage,http://purl.obolibrary.org/obo/UBERON_0014856,
dead,dead,http://purl.obolibrary.org/obo/PATO_0001422,
decayed,decayed,http://purl.obolibrary.org/obo/PATO_0001432,
dry place,dry,http://purl.obolibrary.org/obo/PATO_0001824,
dwarf,dwarf-like,http://purl.obolibrary.org/obo/PATO_0000969,
egg capsule,egg capsule,http://purl.obolibrary.org/obo/UBERON_3010636,
egg case,eggshell,http://purl.obolibrary.org/obo/UBERON_0005079,
egg cocoon,cocoon,http://purl.obolibrary.org/obo/UBERON_0013198,
egg ma,shelled egg,http://purl.obolibrary.org/obo/UBERON_0007379,
egg_ma,eggshell,http://purl.obolibrary.org/obo/UBERON_0005079,
egg nit,egg coat,http://purl.obolibrary.org/obo/GO_0035805,
egg pod,egg chamber,http://purl.obolibrary.org/obo/UBERON_0003199,
egg sac,yolk sac,http://purl.obolibrary.org/obo/UBERON_0001040,
egg shell,shelled egg,http://purl.obolibrary.org/obo/UBERON_0007379,
eggs of lice,egg,http://purl.obolibrary.org/obo/UBERON_0007379,
embryo stage,embryo stage,http://purl.obolibrary.org/obo/UBERON_0000068,
external gill,external gill,http://purl.obolibrary.org/obo/UBERON_0008891,
fallen fruit,fruit,http://purl.obolibrary.org/obo/PO_0009001,
female organism,female organism,http://purl.obolibrary.org/obo/UBERON_0003100,
female,female,http://purl.obolibrary.org/obo/PATO_0000383,
fertilized egg stage,fertilized egg stage,http://www.ebi.ac.uk/efo/EFO_0001322,
fledgling,fledgling,http://purl.obolibrary.org/obo/UBERON_0007221,
flower bud,flower bud,http://purl.obolibrary.org/obo/PO_0000056,
flowering stage,flowering stage,http://purl.obolibrary.org/obo/PO_0007616,
flowering,flowering stage,http://purl.obolibrary.org/obo/PO_0007616,
flower,flower,http://purl.obolibrary.org/obo/PO_0009046,
food,food,http://purl.obolibrary.org/obo/CHEBI_33290,
fragment,fragmented,http://purl.obolibrary.org/obo/PATO_0040047,
freshwater specie,freshwater biome,http://purl.obolibrary.org/obo/ENVO_00000873,
fruitbody early stage,fruit initiation stage,http://purl.obolibrary.org/obo/PO_0025503,
fruitbody small,fruit,http://purl.obolibrary.org/obo/PO_0009001,
fruitbody,fruit,http://purl.obolibrary.org/obo/PO_0009001,
fruit developmental stage,fruit development stage,http://purl.obolibrary.org/obo/PO_0001002,
fruit,fruit,http://purl.obolibrary.org/obo/PO_0009001,
fully formed stage,fully formed stage,http://purl.obolibrary.org/obo/UBERON_0000066,
gametocyte,gametocyte,http://purl.obolibrary.org/obo/BTO_0000996,
gametophyte,OBSOLETE gametophyte,http://purl.obolibrary.org/obo/PO_0009004,
Gametophyte,OBSOLETE gametophyte,http://purl.obolibrary.org/obo/PO_0009004,
gemmae,gemma,http://purl.obolibrary.org/obo/PO_0025614,
glaucothoe,glaucothoe stage,http://purl.obolibrary.org/obo/UBERON_0014861,
gravid,gravid organism,http://purl.obolibrary.org/obo/UBERON_0009097,
gymnothecium,gymnothecium,http://purl.obolibrary.org/obo/FAO_0001035,
gynoecia,gynoecium,http://purl.obolibrary.org/obo/PO_0009062,
hay,hay,http://purl.obolibrary.org/obo/ENVO_00002869,
hollow stump,hollow,http://purl.obolibrary.org/obo/PATO_0002078,
hollow,hollow,http://purl.obolibrary.org/obo/PATO_0002078,
house,house,http://purl.obolibrary.org/obo/ENVO_01000417,
hydatid cyst,hydatid cyst,http://snomed.info/id/187144000,
hydroid,hydroid,http://purl.obolibrary.org/obo/PO_0025032,
hymenium,hymenium,http://purl.obolibrary.org/obo/BTO_0005371,
hind limb bud,hindlimb bud,http://purl.obolibrary.org/obo/UBERON_0005418,
honeydew,honeydew,http://purl.obolibrary.org/obo/IDOMAL_0002403,
i aecia,aecium,http://purl.obolibrary.org/obo/FAO_0000056,
i =aecidium ligustri strau,aecium,http://purl.obolibrary.org/obo/FAO_0000056,
i aecidium,aecium,http://purl.obolibrary.org/obo/FAO_0000056,
if planted close together heavily shaded,shaded,http://purl.obolibrary.org/obo/PATO_0040029,
iii aecidium,aecium,http://purl.obolibrary.org/obo/FAO_0000056,
iii teleutospore,teliospore,http://purl.obolibrary.org/obo/FAO_0000022,
iii teleuto,teliospore,http://purl.obolibrary.org/obo/FAO_0000022,
ii uredo,uredospore,http://purl.obolibrary.org/obo/FAO_0000026,
imago female,imago,http://purl.obolibrary.org/obo/BTO_0001512,
imago,imago,http://purl.obolibrary.org/obo/BTO_0001512,
imago usually,imago,http://purl.obolibrary.org/obo/BTO_0001512,
immature forms only,immature,http://purl.obolibrary.org/obo/PATO_0001501,
Imm,immature,http://purl.obolibrary.org/obo/PATO_0001501,
imm,immature,http://purl.obolibrary.org/obo/PATO_0001501,
immature fruit,fruit,http://purl.obolibrary.org/obo/PO_0009001,
immature perithecia,sexually immature stage,http://purl.obolibrary.org/obo/UBERON_0000112,
immature stage,immature,http://purl.obolibrary.org/obo/PATO_0001501,
inactive,inactive,http://purl.obolibrary.org/obo/PATO_0002355,
infant stage,infant stage,http://purl.obolibrary.org/obo/UBERON_0034920,
infection,infection,http://purl.obolibrary.org/obo/IDO_0000586,
infestation,infestation,http://purl.obolibrary.org/obo/NCIT_C193412,
inflorescence,inflorescence,http://purl.obolibrary.org/obo/PO_0009049,
in flower,flower,http://purl.obolibrary.org/obo/PO_0009046,
in open parts of woodland,woodland area,http://purl.obolibrary.org/obo/ENVO_00000109,
instar larval stage,instar larval stage,http://purl.obolibrary.org/obo/UBERON_0004730,
nymph (instars 1-3),instar larval stage,http://purl.obolibrary.org/obo/UBERON_0004730,
nymph (instars 4-5),instar larval stage,http://purl.obolibrary.org/obo/UBERON_0004730,
instar,instar larval stage,http://purl.obolibrary.org/obo/UBERON_0004730,
i teleuto,teliospore,http://purl.obolibrary.org/obo/FAO_0000022,
immature pycnidia,immature,http://purl.obolibrary.org/obo/PATO_0001501,
junenile,juvenile,http://purl.obolibrary.org/obo/PATO_0001190,
juneniles,juvenile,http://purl.obolibrary.org/obo/PATO_0001190,
juv,juvenile,http://purl.obolibrary.org/obo/PATO_0001190,
known nymph,nymph stage,http://purl.obolibrary.org/obo/UBERON_0014405,
lactating,lactation,http://purl.obolibrary.org/obo/GO_0007595,
lamellae,lamellae,http://purl.obolibrary.org/obo/UBERON_0004529,
large well-grown plant,whole plant,http://purl.obolibrary.org/obo/PO_0000003,
larva at first,larva,http://purl.obolibrary.org/obo/UBERON_0002548,
larva capped,larva,http://purl.obolibrary.org/obo/UBERON_0002548,
larva cocoon,larva,http://purl.obolibrary.org/obo/UBERON_0002548,
larva early instart,first instar larva stage,http://purl.obolibrary.org/obo/UBERON_8000000,
larva early,larva,http://purl.obolibrary.org/obo/UBERON_0002548,
larvae metacercaria,metacercaria,http://purl.obolibrary.org/obo/UBERON_0018385,
larvae reared to,larva,http://purl.obolibrary.org/obo/UBERON_0002548,
larvae v,larva,http://purl.obolibrary.org/obo/UBERON_0002548,
larva first instar,first instar larva stage,http://purl.obolibrary.org/obo/UBERON_8000000,
larva full grown,larva,http://purl.obolibrary.org/obo/UBERON_0002548,
larva full-grown,larva,http://purl.obolibrary.org/obo/UBERON_0002548,
larva ii,larva,http://purl.obolibrary.org/obo/UBERON_0002548,
larva iv,larva,http://purl.obolibrary.org/obo/UBERON_0002548,
larva larger,larva,http://purl.obolibrary.org/obo/UBERON_0002548,
larva late instar,instar larval stage,http://purl.obolibrary.org/obo/UBERON_0004730,
larva later instar,instar larval stage,http://purl.obolibrary.org/obo/UBERON_0004730,
larva later,larva,http://purl.obolibrary.org/obo/UBERON_0002548,
larval case,larval,http://purl.obolibrary.org/obo/PATO_0001185,
larval damage,larval,http://purl.obolibrary.org/obo/PATO_0001185,
larval egg,larval,http://purl.obolibrary.org/obo/PATO_0001185,
larval pupa,larval,http://purl.obolibrary.org/obo/PATO_0001185,
larval skin,larval,http://purl.obolibrary.org/obo/PATO_0001185,
larval stage,larval stage,http://purl.obolibrary.org/obo/UBERON_0000069,
larva mature,larva,http://purl.obolibrary.org/obo/UBERON_0002548,
larva middle,larva,http://purl.obolibrary.org/obo/UBERON_0002548,
larva older,larva,http://purl.obolibrary.org/obo/UBERON_0002548,
larva_or_postlarva,larva,http://purl.obolibrary.org/obo/UBERON_0002548,
larva_or_,larva,http://purl.obolibrary.org/obo/UBERON_0002548,
larva poss  also,larva,http://purl.obolibrary.org/obo/UBERON_0002548,
larva puparium,larva,http://purl.obolibrary.org/obo/UBERON_0002548,
larva queen,larva,http://purl.obolibrary.org/obo/UBERON_0002548,
larva small,larva,http://purl.obolibrary.org/obo/UBERON_0002548,
larva v,larva,http://purl.obolibrary.org/obo/UBERON_0002548,
larva yonug,larva,http://purl.obolibrary.org/obo/UBERON_0002548,
larva young,larva,http://purl.obolibrary.org/obo/UBERON_0002548,
larv,larva,http://purl.obolibrary.org/obo/UBERON_0002548,
leaf bud,leaf,http://purl.obolibrary.org/obo/PO_0025034,
leaf litter,plant litter,http://purl.obolibrary.org/obo/ENVO_01000628,
leaf mine,leaf,http://purl.obolibrary.org/obo/PO_0025034,
leafmine,leaf,http://purl.obolibrary.org/obo/PO_0025034,
leaf-nest,leaf nest,,
leaf outer,leaf,http://purl.obolibrary.org/obo/PO_0025034,
leaf-spinning,leaf spinning,,
leaf-spot,leaf spot,,
leaf,leaf,http://purl.obolibrary.org/obo/PO_0025034,
leaf with pupae,leaf,http://purl.obolibrary.org/obo/PO_0025034,
leafy debri,leaf,http://purl.obolibrary.org/obo/PO_0025034,
life stage ii,life cycle stage,http://purl.obolibrary.org/obo/UBERON_0000105,
life,alive,http://purl.obolibrary.org/obo/PATO_0001421,
litter,litter,http://purl.obolibrary.org/obo/ENVO_03501259,
litter woody,litter,http://purl.obolibrary.org/obo/ENVO_03501259,
mainly young,young,http://purl.obolibrary.org/obo/PATO_0000309,
Young - 1.5 meters tall,young,http://purl.obolibrary.org/obo/PATO_0000309,
Young - 1.5 meters tall,young,http://purl.obolibrary.org/obo/PATO_0000309,
young - 2 meters tall,young,http://purl.obolibrary.org/obo/PATO_0000309,
manure heap,manure,http://purl.obolibrary.org/obo/ENVO_03501300,
manure,manure,http://purl.obolibrary.org/obo/ENVO_03501300,
male apter,male apter,,
female apter,female apter,,
mast,mast,,
matting,matting,,
male flower,male flower,,
male macropter,male macroapter,,
male micropter,male micropter,,
female macropter,female macroapter,,
female micropter,female micropter,,
female cone,female cone,,
metamorph,metamorph,,
Premetamorph,premetamorph,,
premetamorph,premetamorph,,
Premetamorphs,premetamorph,,
megalop,megalop,,
megalopa,megalop,,
megalops,megalop,,
midge,midge,,
empty cocoon,empty cocoon,,
miracidium,miracidium,http://purl.obolibrary.org/obo/BTO_0005869,
microsclerotium,microsclerotium,http://purl.obolibrary.org/obo/FAO_0001053,
first generation larva,larva,http://purl.obolibrary.org/obo/UBERON_0002548,
first stage larva,larva,http://purl.obolibrary.org/obo/UBERON_0002548,
male organism,male organism,http://purl.obolibrary.org/obo/UBERON_0003101,
male,male,http://purl.obolibrary.org/obo/PATO_0000384,
mature asci,mature,http://purl.obolibrary.org/obo/PATO_0001701,
mature coppiced tree,mature,http://purl.obolibrary.org/obo/PATO_0001701, 
mature female,mature,http://purl.obolibrary.org/obo/PATO_0001701,
mature fruit,fruit,http://purl.obolibrary.org/obo/PO_0009001,0.7930
mature perithecia,perithecium,http://purl.obolibrary.org/obo/FAO_0001036,
mature proglottid,mature proglottid,http://purl.obolibrary.org/obo/BTO_0006330,
proglottids,proglottid,http://purl.obolibrary.org/obo/BTO_0006330,
proglottid,proglottid,http://purl.obolibrary.org/obo/BTO_0006330,
mature tree,mature,http://purl.obolibrary.org/obo/PATO_0001701,
mesocercariae,metacercaria,http://purl.obolibrary.org/obo/UBERON_0018385,
mesocercaria,metacercaria,http://purl.obolibrary.org/obo/UBERON_0018385,
metacaria diplostomula,metacercaria,http://purl.obolibrary.org/obo/UBERON_0018385,
metacaria,metacercaria,http://purl.obolibrary.org/obo/UBERON_0018385,
metacercariae,metacercaria,http://purl.obolibrary.org/obo/UBERON_0018385,
metacercarial cyst,metacercaria,http://purl.obolibrary.org/obo/UBERON_0018385,
metacercarium,metacercaria,http://purl.obolibrary.org/obo/UBERON_0018385,
merozoite,merozoite,http://purl.obolibrary.org/obo/BTO_0002272,
metacyclic form,metacyclic form,http://purl.obolibrary.org/obo/BTO_0002487,
microcercous cercariae,cercaria,http://purl.obolibrary.org/obo/UBERON_0018388,
mostly nymph,nymph stage,http://purl.obolibrary.org/obo/UBERON_0014405,
mostly uredospore,uredospore,http://purl.obolibrary.org/obo/FAO_0000026,
mostly uredo,uredospore,http://purl.obolibrary.org/obo/FAO_0000026,
neonate stage,neonate stage,http://purl.obolibrary.org/obo/UBERON_0007221,
neonate,neonate stage,http://purl.obolibrary.org/obo/UBERON_0007221,
nest occupied,nest of bird,http://purl.obolibrary.org/obo/ENVO_00005805,
nest,nest of bird,http://purl.obolibrary.org/obo/ENVO_00005805,
newborn,neonatal,http://purl.obolibrary.org/obo/PATO_0002206,
nymph early instar,instar larval stage,http://purl.obolibrary.org/obo/UBERON_0004730,
nymph early,nymph stage,http://purl.obolibrary.org/obo/UBERON_0014405,
nymph female,nymph stage,http://purl.obolibrary.org/obo/UBERON_0014405,
nymph late instar,instar larval stage,http://purl.obolibrary.org/obo/UBERON_0004730,
nymph later instar,instar larval stage,http://purl.obolibrary.org/obo/UBERON_0004730,
nymph late,nymph stage,http://purl.obolibrary.org/obo/UBERON_0014405,
nymph male,nymph stage,http://purl.obolibrary.org/obo/UBERON_0014405,
nymph skin,nymph stage,http://purl.obolibrary.org/obo/UBERON_0014405,
nymph stage,nymph stage,http://purl.obolibrary.org/obo/UBERON_0014405,
nymph unsexed,nymph stage,http://purl.obolibrary.org/obo/UBERON_0014405,
old perianth,perianth,http://purl.obolibrary.org/obo/PO_0009058,
old plantation,plantation,http://purl.obolibrary.org/obo/ENVO_00000117,
old,old,http://purl.obolibrary.org/obo/PATO_0000308,
oogonia,oogonial cell,http://purl.obolibrary.org/obo/CL_0000024,
open woodland,woodland ecosystem,http://purl.obolibrary.org/obo/ENVO_01001245,
organism,organism,http://purl.obolibrary.org/obo/OBI_0100026,
ovary,ovary,http://purl.obolibrary.org/obo/UBERON_0000992,
Paarasitic Stages,parasite,http://purl.obolibrary.org/obo/ECOCORE_00000146,
paarasitic stage,parasite,http://purl.obolibrary.org/obo/ECOCORE_00000146,
Parasitic Lifestages,parasite,http://purl.obolibrary.org/obo/ECOCORE_00000146,
parasitic lifestage,parasite,http://purl.obolibrary.org/obo/ECOCORE_00000146,
Parasitic Stages,parasite,http://purl.obolibrary.org/obo/ECOCORE_00000146,
parasitic stage,parasite,http://purl.obolibrary.org/obo/ECOCORE_00000146,
parastic stage,parasite,http://purl.obolibrary.org/obo/ECOCORE_00000146,
penultimate nymph,nymph stage,http://purl.obolibrary.org/obo/UBERON_0014405,
penultimate,penultimate,,
perianth,perianth,http://purl.obolibrary.org/obo/PO_0009058,
perithecia immature,sexually immature organism,http://purl.obolibrary.org/obo/UBERON_0007021,
perigyn,perigynium,http://purl.obolibrary.org/obo/PO_0009044,
planidium larva,larva,http://purl.obolibrary.org/obo/UBERON_0002548,
plant gall,plant gall,http://purl.obolibrary.org/obo/PO_0025626,
pollen_grain,pollen,http://purl.obolibrary.org/obo/PO_0025281,
pollen store,pollen,http://purl.obolibrary.org/obo/PO_0025281,
pollen,pollen,http://purl.obolibrary.org/obo/PO_0025281,
pregnant bitch,female pregnancy,http://purl.obolibrary.org/obo/GO_0007565,
praniza larva,larva,http://purl.obolibrary.org/obo/UBERON_0002548,
prepupa,prepupa,http://purl.obolibrary.org/obo/UBERON_0003142,
presumably immature stage,immature,http://purl.obolibrary.org/obo/PATO_0001501,
probably a young stage,juvenile stage,http://purl.obolibrary.org/obo/UBERON_0034919,
progrediens nymph,nymph stage,http://purl.obolibrary.org/obo/UBERON_0014405,
pupa e,pupa,http://purl.obolibrary.org/obo/UBERON_0003143,
pupa in cocoon,pupa,http://purl.obolibrary.org/obo/UBERON_0003143,
pupa larvae,instar larval or pupal development,http://purl.obolibrary.org/obo/GO_0002165,
pupal case on twig,pupal case,http://purl.obolibrary.org/obo/UBERON_0018657,
pupal cocoon,cocoon,http://purl.obolibrary.org/obo/UBERON_0013198,
pupal exuviae,pupal,http://purl.obolibrary.org/obo/PATO_0001187,
pupal skin,pupal,http://purl.obolibrary.org/obo/PATO_0001187,
pupal,pupal,http://purl.obolibrary.org/obo/PATO_0001187,
pupa newly formed,pupa,http://purl.obolibrary.org/obo/UBERON_0003143,
puparium,puparium,http://purl.obolibrary.org/obo/UBERON_0018656,
pupa skin,pupa,http://purl.obolibrary.org/obo/UBERON_0003143,
reproductive condition,reproductive process,http://purl.obolibrary.org/obo/GO_0022414,
reproductive proce,reproductive process,http://purl.obolibrary.org/obo/GO_0022414,
reproductive statu,reproductive process,http://purl.obolibrary.org/obo/GO_0022414,
resting cell,body cell,http://purl.obolibrary.org/obo/PO_0025526,
resting sporangium,sporangium,http://purl.obolibrary.org/obo/PO_0025094,
root,root,http://purl.obolibrary.org/obo/NCBITaxon_1,
sapling especially,sapling,http://purl.obolibrary.org/obo/BTO_0001597,
sapling,sapling,http://purl.obolibrary.org/obo/BTO_0001597,
saprophytic stage,saprophytic fungus,http://snomed.info/id/788404008,
scale,scale,http://purl.obolibrary.org/obo/UBERON_0002542,
scarabaeform larva,larva,http://purl.obolibrary.org/obo/UBERON_0002548,
schizont,schizont stage,http://purl.obolibrary.org/obo/OPL_0000084,
second generation larva,larva,http://purl.obolibrary.org/obo/UBERON_0002548,
seed germinating,seed germination stage,http://purl.obolibrary.org/obo/PO_0007057,
seeding,seedling,http://purl.obolibrary.org/obo/PO_0008037,
seedling especially,seedling,http://purl.obolibrary.org/obo/PO_0008037,
seed,seed,http://purl.obolibrary.org/obo/PO_0009010,
senescing,senescent,http://purl.obolibrary.org/obo/PATO_0001487,
sexual female,female,http://purl.obolibrary.org/obo/PATO_0000383,
sexual larva,larva,http://purl.obolibrary.org/obo/UBERON_0002548,
sexually immature organism,sexually immature organism,http://purl.obolibrary.org/obo/UBERON_0007021,
shelled egg,shelled egg,http://purl.obolibrary.org/obo/UBERON_0007379,
shell,shell,http://purl.obolibrary.org/obo/UBERON_0006612,
shoot young,young,http://purl.obolibrary.org/obo/PATO_0000309,
shrub,shrub,http://purl.obolibrary.org/obo/FLOPO_0900034,
silage,silage,http://purl.obolibrary.org/obo/ENVO_00003030,
sistens nymph,nymph stage,http://purl.obolibrary.org/obo/UBERON_0014405,
some aecidiospore,aecidiospore,http://purl.obolibrary.org/obo/FAO_0000054,
some larvae,larval,http://purl.obolibrary.org/obo/PATO_0001185,
some uredospore,uredospore,http://purl.obolibrary.org/obo/FAO_0000026,
sporangia,sporangium,http://purl.obolibrary.org/obo/PO_0025094,
sporangium,sporangium,http://purl.obolibrary.org/obo/PO_0025094,
spore mass,spore,http://purl.obolibrary.org/obo/BTO_0001171,
mamogametocyte,mamogametocyte,,
marita,marita,,
pulp,pulp,,
mature spore,spore,http://purl.obolibrary.org/obo/BTO_0001171,
spore,spore,http://purl.obolibrary.org/obo/BTO_0001171,
spores seem young,spore,http://purl.obolibrary.org/obo/BTO_0001171,
spores,spore,http://purl.obolibrary.org/obo/BTO_0001171,
sporocarp,sporocarp,http://purl.obolibrary.org/obo/BTO_0001290,
sporocyst,sporocyst,http://purl.obolibrary.org/obo/BTO_0005891,
sporophyte,sporophyte,http://purl.obolibrary.org/obo/PO_0028002,
sporozoite,sporozoite,http://purl.obolibrary.org/obo/BTO_0001292,
stable straw,straw,http://purl.obolibrary.org/obo/ENVO_00003869,
stable waste,waste material,http://purl.obolibrary.org/obo/ENVO_00002264,
staminate,staminate flower,http://purl.obolibrary.org/obo/PO_0025600,
status teleutosporifera,teliospore,http://purl.obolibrary.org/obo/FAO_0000022,
status uredosporifera,uredospore,http://purl.obolibrary.org/obo/FAO_0000026,
stem,stem,http://purl.obolibrary.org/obo/PO_0009047,
sterile,sterile,http://purl.obolibrary.org/obo/PATO_0000956,
straw,straw,http://purl.obolibrary.org/obo/ENVO_00003869,
stroma germinating,stroma,http://purl.obolibrary.org/obo/UBERON_0003891,
stroma rudimentary,stroma,http://purl.obolibrary.org/obo/UBERON_0003891,
stroma,stroma,http://purl.obolibrary.org/obo/UBERON_0003891,
stunted,stunted,http://purl.obolibrary.org/obo/PHIPO_0001272,
stunted damaged tree,stunted,http://purl.obolibrary.org/obo/PHIPO_0001272,
tadpole,tadpole,http://purl.obolibrary.org/obo/UBERON_0002547,
teleutosporae,teliospore,http://purl.obolibrary.org/obo/FAO_0000022,
teleutosporen!,teliospore,http://purl.obolibrary.org/obo/FAO_0000022,
teleutospores only,teliospore,http://purl.obolibrary.org/obo/FAO_0000022,
teleutospore stage,teliospore,http://purl.obolibrary.org/obo/FAO_0000022,
teleutospore,teliospore,http://purl.obolibrary.org/obo/FAO_0000022,
teleuto,teliospore,http://purl.obolibrary.org/obo/FAO_0000022,
teleuto-,teliospore,http://purl.obolibrary.org/obo/FAO_0000022,
teliospore,teliospore,http://purl.obolibrary.org/obo/FAO_0000022,
telium,telium,http://purl.obolibrary.org/obo/FAO_0000057,
tetracotyle larva,larva,http://purl.obolibrary.org/obo/UBERON_0002548,
tetracotyle cyst,tetracotyle cyst,,
thyriothecium,thyriothecium,,
ustilosorus,ustilosorus,,
ustilospore,ustilospore,,
ustilospore ball,ustilospore,,
wood chip mulch,wood chips,,
wood-chip mulch,wood chips,,
woodchip mulch,wood chips,,
wood chip,wood chips,,
wood-chip,wood chips,,
woodchip,wood chips,,
woodship,wood chips,,
xiphidiocercaria,xiphidiocercaria,,
woody debrisa,woody debris,,
woody debris,woody debris,,
woodash,wood ash,http://purl.obolibrary.org/obo/ENVO_02000126,
wood ash,wood ash,http://purl.obolibrary.org/obo/ENVO_02000126,
thallus,thallus,http://purl.obolibrary.org/obo/PO_0030027,
thatch,thatch,http://purl.obolibrary.org/obo/ENVO_01000473,
third stage larva,larva,http://purl.obolibrary.org/obo/UBERON_0002548,
toadstool,toadstool,http://purl.obolibrary.org/obo/FOODON_00003528,
triungulin larva,larva,http://purl.obolibrary.org/obo/UBERON_0002548,
trochophore larva,larva,http://purl.obolibrary.org/obo/UBERON_0002548,
trophozoite,trophozoite,http://purl.obolibrary.org/obo/BTO_0001397,
trunk,trunk,http://purl.obolibrary.org/obo/UBERON_0002100,
tuber,tuber,http://purl.obolibrary.org/obo/PO_0025522,
tube,tube,http://purl.obolibrary.org/obo/UBERON_0000025,
uredioniospore,uredospore,http://purl.obolibrary.org/obo/FAO_0000026,
urediospore,uredospore,http://purl.obolibrary.org/obo/FAO_0000026,
uredopsore,uredospore,http://purl.obolibrary.org/obo/FAO_0000026,
uredosore,uredospore,http://purl.obolibrary.org/obo/FAO_0000026,
uredospores only,uredospore,http://purl.obolibrary.org/obo/FAO_0000026,
uredospore stage,uredospore,http://purl.obolibrary.org/obo/FAO_0000026,
uredospore,uredospore,http://purl.obolibrary.org/obo/FAO_0000026,
usually male,male,http://purl.obolibrary.org/obo/PATO_0000384,
vegetative bud,vegetative bud,http://purl.obolibrary.org/obo/PO_0000058,
very young,young,http://purl.obolibrary.org/obo/PATO_0000309,
winged,wing,http://purl.obolibrary.org/obo/UBERON_0000023,
wing,wing,http://purl.obolibrary.org/obo/UBERON_0000023,
wood,wood,http://purl.obolibrary.org/obo/ENVO_00002040,
young fruit body,fruit,http://purl.obolibrary.org/obo/PO_0009001,
young fruit,fruit,http://purl.obolibrary.org/obo/PO_0009001,
young_of_the_year_or_,young,http://purl.obolibrary.org/obo/PATO_0000309,
young of the year,young,http://purl.obolibrary.org/obo/PATO_0000309,
young_of_the_year,young,http://purl.obolibrary.org/obo/PATO_0000309,
young perianth,perianth,http://purl.obolibrary.org/obo/PO_0009058,
young plant,young plant,http://purl.obolibrary.org/obo/ENVO_01000414,
zoea stage,zoea stage,http://purl.obolibrary.org/obo/UBERON_0014857,
zoea,zoea stage,http://purl.obolibrary.org/obo/UBERON_0014857,
zoospore,zoospore,http://purl.obolibrary.org/obo/BTO_0001475,
zygospore,zygospore,http://purl.obolibrary.org/obo/FAO_0000040,
young cultivated plant,young plant,http://purl.obolibrary.org/obo/ENVO_01000414,
young transplanted plant,young plant,http://purl.obolibrary.org/obo/ENVO_01000414,
young female,young,http://purl.obolibrary.org/obo/PATO_0000309,
young perithecia,perithecium,http://purl.obolibrary.org/obo/FAO_0001036,
perithecium,perithecium,http://purl.obolibrary.org/obo/FAO_0001036,
perthecium,perithecium,http://purl.obolibrary.org/obo/FAO_0001036,
pertithecium,perithecium,http://purl.obolibrary.org/obo/FAO_0001036,
perithecia,perithecium,http://purl.obolibrary.org/obo/FAO_0001036,
1 adult,adult organism,http://purl.obolibrary.org/obo/UBERON_0007023,
1 Adult,adult organism,http://purl.obolibrary.org/obo/UBERON_0007023,
1 Pupa,pupa,http://purl.obolibrary.org/obo/UBERON_0003143,
A,adult organism,http://purl.obolibrary.org/obo/UBERON_0007023,
#Acanthella,,, #wrongly labelled life stage name. Acanthella is a genus name
#active,,, #not sure what active means here
adolescaria,larval stage,http://purl.obolibrary.org/obo/UBERON_0000069,#no specific term for adolescaria - late larval stage
adult,adult organism,http://purl.obolibrary.org/obo/UBERON_0007023,
adult;;,adult organism,http://purl.obolibrary.org/obo/UBERON_0007023,
adult?,adult organism,http://purl.obolibrary.org/obo/UBERON_0007023,
Adult,adult organism,http://purl.obolibrary.org/obo/UBERON_0007023,
adult,adult organism,http://purl.obolibrary.org/obo/UBERON_0007023,
adult; egg,adult organism,http://purl.obolibrary.org/obo/UBERON_0007023,
adult female,adult organism,http://purl.obolibrary.org/obo/UBERON_0007023,
adult,adult organism,http://purl.obolibrary.org/obo/UBERON_0007023,
juvenile,juvenile,http://purl.obolibrary.org/obo/PATO_0001190,
juveniles,juvenile,http://purl.obolibrary.org/obo/PATO_0001190,
adult,adult organism,http://purl.obolibrary.org/obo/UBERON_0007023,
larva,larva,http://purl.obolibrary.org/obo/UBERON_0002548,
Adult,adult organism,http://purl.obolibrary.org/obo/UBERON_0007023,
Larval,larval,http://purl.obolibrary.org/obo/PATO_0001185,
adult male,adult organism,http://purl.obolibrary.org/obo/UBERON_0007023,
adult,adult organism,http://purl.obolibrary.org/obo/UBERON_0007023,
pupal case,pupal case,http://purl.obolibrary.org/obo/UBERON_0018657,
adults,adult organism,http://purl.obolibrary.org/obo/UBERON_0007023,
Adult(s),adult organism,http://purl.obolibrary.org/obo/UBERON_0007023,
#age class 2+,,,
Budding,bud developmental stage,http://purl.obolibrary.org/obo/PO_0025528,
In bud,bud developmental stage,http://purl.obolibrary.org/obo/PO_0025528,
in bud,bud developmental stage,http://purl.obolibrary.org/obo/PO_0025528,
calyptopis,zoea stage,http://purl.obolibrary.org/obo/UBERON_0014857,
cercaria,cercaria,http://purl.obolibrary.org/obo/UBERON_0018388,
Cercariae,cercaria,http://purl.obolibrary.org/obo/UBERON_0018388,
Cercaria,cercaria,http://purl.obolibrary.org/obo/UBERON_0018388,
cercariae,cercaria,http://purl.obolibrary.org/obo/UBERON_0018388,
#cercariae; redia,,,
adult,adult organism,http://purl.obolibrary.org/obo/UBERON_0007023,
copepod,copepodite stage,http://purl.obolibrary.org/obo/UBERON_0014860,
COPEPODITE,copepodite stage,http://purl.obolibrary.org/obo/UBERON_0014860,
copepodite 1,copepodite stage 1,http://purl.obolibrary.org/obo/UBERON_8200002,
copepodite 2,copepodite stage 2,http://purl.obolibrary.org/obo/UBERON_8200003,
copepodite 3,copepodite stage 3,http://purl.obolibrary.org/obo/UBERON_8200004,
copepodite 4,copepodite stage 4,http://purl.obolibrary.org/obo/UBERON_8200005,
copepodite 5,copepodite stage 5,http://purl.obolibrary.org/obo/UBERON_8200006,
copepodite 6,copepodite stage 6,http://purl.obolibrary.org/obo/UBERON_8200007,
cyprid,cyprid,,#stage for barnacles - not yet in uberon
cysts,cyst,,#different in different contexts.
cyst,cyst,,#different in different contexts.
worm cast,worm cast,,
worm casts,worm cast,,
cystacanth,cystacanth,, #its a cyst-shaped larval stage in invertebrates (worms?)
Cystacanth,cystacanth,, #its a cyst-shaped larval stage in invertebrates (worms?)
cysticercus,cysticercus stage,http://purl.obolibrary.org/obo/UBERON_0014856,
deutonymph,deutonymph,, #its one of the larval stage of mites
Deutonymph,deutonymph,, #its one of the larval stage of mites
deutonymph (hypopus = hypopode),deutonymph,,
early life stages,early life stage,,
egg,egg,http://purl.obolibrary.org/obo/UBERON_0007379,
eggs,egg,http://purl.obolibrary.org/obo/UBERON_0007379,
embryo,embryo,http://purl.obolibrary.org/obo/UBERON_0000922,
f1,copepodite stage 1,http://purl.obolibrary.org/obo/UBERON_8200002,
f3,copepodite stage 3,http://purl.obolibrary.org/obo/UBERON_8200004,
f4,copepodite stage 4,http://purl.obolibrary.org/obo/UBERON_8200005,
f5,copepodite stage 5,http://purl.obolibrary.org/obo/UBERON_8200006,
f6,copepodite stage 6,http://purl.obolibrary.org/obo/UBERON_8200007,
#female,,, #tricky. Although this is a type of biological sex- but some organisms like fishes undergo sequential hermaphroditism
Fertile,fertile,http://purl.obolibrary.org/obo/PATO_0000955,
fertile,fertile,http://purl.obolibrary.org/obo/PATO_0000955,
Flowering,flowering stage,http://purl.obolibrary.org/obo/PO_0007616,
Fruiting,fruit developmental stage,http://purl.obolibrary.org/obo/PO_0001002,
fructification,fruit developmental stage,http://purl.obolibrary.org/obo/PO_0001002,
fruits,fruit,http://purl.obolibrary.org/obo/PO_0009001,
seeds,seed,http://purl.obolibrary.org/obo/PO_0009010,
fry,fry,, #the organism match is salmo salar (salmon)
#fundatrigenia,,,#it is viviparous parthenogenetic wingless female aphid 
#fundatrispuria,,,
hatchling,hatching,http://purl.obolibrary.org/obo/GO_0035188,
hypopus,hypopus,,#migratory larva of some mites
#I,,, #probably stages of fungal parasitism - https://pmc.ncbi.nlm.nih.gov/articles/PMC3625230/
#II,,, #probably stages of fungal parasitism - https://pmc.ncbi.nlm.nih.gov/articles/PMC3625230/
#I,,, #probably stages of fungal parasitism - https://pmc.ncbi.nlm.nih.gov/articles/PMC3625230/
#II,,, #probably stages of fungal parasitism - https://pmc.ncbi.nlm.nih.gov/articles/PMC3625230/
#I-II,,, #probably stages of fungal parasitism - https://pmc.ncbi.nlm.nih.gov/articles/PMC3625230/
#III,,, #probably stages of fungal parasitism - https://pmc.ncbi.nlm.nih.gov/articles/PMC3625230/
#II & III,,, #probably stages of fungal parasitism - https://pmc.ncbi.nlm.nih.gov/articles/PMC3625230/
#II,,, #probably stages of fungal parasitism - https://pmc.ncbi.nlm.nih.gov/articles/PMC3625230/
#III,,, #probably stages of fungal parasitism - https://pmc.ncbi.nlm.nih.gov/articles/PMC3625230/
#II-III,,, #probably stages of fungal parasitism - https://pmc.ncbi.nlm.nih.gov/articles/PMC3625230/
#II. III.,,, #probably stages of fungal parasitism - https://pmc.ncbi.nlm.nih.gov/articles/PMC3625230/
#I. II. III.,,, #probably stages of fungal parasitism - https://pmc.ncbi.nlm.nih.gov/articles/PMC3625230/
#imago,,,#something related to Arthropoda
immature,immature,http://purl.obolibrary.org/obo/PATO_0001501,
Immature,immature,http://purl.obolibrary.org/obo/PATO_0001501,
Undetermined Immature Stages,immature,http://purl.obolibrary.org/obo/PATO_0001501,
undetermined immature stages,immature,http://purl.obolibrary.org/obo/PATO_0001501,
undetermined immature stage,immature,http://purl.obolibrary.org/obo/PATO_0001501,
juv.,juvenile,http://purl.obolibrary.org/obo/PATO_0001190,
adults,adult organism,http://purl.obolibrary.org/obo/UBERON_0007023,
juvenile,juvenile,http://purl.obolibrary.org/obo/PATO_0001190,
Juvenile,juvenile,http://purl.obolibrary.org/obo/PATO_0001190,
juvenile,juvenile,http://purl.obolibrary.org/obo/PATO_0001190,
adult,adult organism,http://purl.obolibrary.org/obo/UBERON_0007023,
juveniles,juvenile,http://purl.obolibrary.org/obo/PATO_0001190,
larva,larva,http://purl.obolibrary.org/obo/UBERON_0002548,
Larva,larva,http://purl.obolibrary.org/obo/UBERON_0002548,
larvae,larval,http://purl.obolibrary.org/obo/PATO_0001185,
Larvae,larval,http://purl.obolibrary.org/obo/PATO_0001185,
#larvae and adults,,, #maybe parse strings by comma;/and to incorporate multiple stages
larval,larval,http://purl.obolibrary.org/obo/PATO_0001185,
Larval,larval,http://purl.obolibrary.org/obo/PATO_0001185,
#Larval & Pupa,,, #maybe parse strings by comma;/and to incorporate multiple stages
larve,larval,http://purl.obolibrary.org/obo/PATO_0001185,
last instar larva,instar larval stage,http://purl.obolibrary.org/obo/UBERON_0004730,
leaves,leaf,http://purl.obolibrary.org/obo/PO_0025034,
#blades,,,
mainly adult,adult organism,http://purl.obolibrary.org/obo/UBERON_0007023,
mainly chick,chick,http://purl.obolibrary.org/obo/FOODON_00004299,
#male,,,#tricky. Although this is a type of biological sex- but some organisms like fishes undergo sequential hermaph    roditism
mature,mature,http://purl.obolibrary.org/obo/PATO_0001701,
#medusae,,,#life stage of fungi - also species name
metacercaria,metacercaria,http://purl.obolibrary.org/obo/UBERON_0018385,
Metacercariae,metacercaria,http://purl.obolibrary.org/obo/UBERON_0018385,
metacestode,metacestode,http://purl.obolibrary.org/obo/UBERON_0018379,
microfilaria,microfilaria,http://purl.obolibrary.org/obo/WBls_0000664,
Microfilaria,microfilaria,http://purl.obolibrary.org/obo/WBls_0000664,
microfilariae,microfilaria,http://purl.obolibrary.org/obo/WBls_0000664,
#Mixed,,,#vague
n1,copepodite stage 1,http://purl.obolibrary.org/obo/UBERON_8200002,#found the organism match to be a copepod
n2,copepodite stage 2,http://purl.obolibrary.org/obo/UBERON_8200003,#found the organism match to be a copepod
n3,copepodite stage 3,http://purl.obolibrary.org/obo/UBERON_8200004,#found the organism match to be a copepod
n4,copepodite stage 4,http://purl.obolibrary.org/obo/UBERON_8200005,#found the organism match to be a copepod
n5,copepodite stage 5,http://purl.obolibrary.org/obo/UBERON_8200006,#found the organism match to be a copepod
n6,copepodite stage 6,http://purl.obolibrary.org/obo/UBERON_8200007,#found the organism match to be a copepod
#naiad,,,#appears to be a specific life stage for dragonflies - does not fall in larvae/pupa/nymph
#n.a.,,,#vague
#others,,,#vague
#NEO,,,# matches to species of virus/fungi/shark(?)
Nestling,neonate stage,http://purl.obolibrary.org/obo/UBERON_0007221,
nymphs,nymph stage,http://purl.obolibrary.org/obo/UBERON_0014405,
nymph,nymph stage,http://purl.obolibrary.org/obo/UBERON_0014405,
Nymph,nymph stage,http://purl.obolibrary.org/obo/UBERON_0014405,
nymphs,nymph stage,http://purl.obolibrary.org/obo/UBERON_0014405,
oocyst,oocyst,http://purl.obolibrary.org/obo/IDOMAL_0000298,#found a malarial ontology
#other,,,#vague
ovigerous,ovigerous,,
; ovigerous,ovigerous,,
;; ovigerous,ovigerous,,
ovigerous;;,ovigerous,,
ovigerou,ovigerous,,
non-ovigerous,non-ovigerous,,
non-ovigerou,non-ovigerous,,
mysis,mysis,,
ovum,ovum,http://purl.obolibrary.org/obo/BTO_0003801,
ova,ovum,http://purl.obolibrary.org/obo/BTO_0003801,
#P,,,#organism match are Poales/Carex-plant species
paralarva,paralarval stage,http://purl.obolibrary.org/obo/CEPH_0000194,
juvenile,juvenile,http://purl.obolibrary.org/obo/PATO_0001190,
#parthenitae,,,#trematode life stage - in general all of them not found in UBERON 
#Parthinitae,,,#trematode life stage - in general all of them not found in UBERON
#plerocercoid,,,#trematode life stage - in general all of them not found in UBERON
#POSTLARVA,,,
protonymph,protonymph,,#its one of the larval stage of mites
Protonymph,protonymph,,#its one of the larval stage of mites
sarcocyst,sarcocyst,,
prot. sporogonic stage,protozoan sporogonic stage,,
protozoan stage,protozoan form,http://purl.obolibrary.org/obo/BTO_0002503,
protozoan stage sarcocyst,sarcomere,http://purl.obolibrary.org/obo/GO_0030017,
protozoan stage spores,protozoan form,http://purl.obolibrary.org/obo/BTO_0002503,
protozoan stage tachyzoites,tachyzoite,http://purl.obolibrary.org/obo/BTO_0001346,
protozoan stage tissue cyst,protozoan form,http://purl.obolibrary.org/obo/BTO_0002503,
pupa,pupa,http://purl.obolibrary.org/obo/UBERON_0003143,
Pupa,pupa,http://purl.obolibrary.org/obo/UBERON_0003143,
pupae,pupa,http://purl.obolibrary.org/obo/UBERON_0003143,
pupal case,pupal case,http://purl.obolibrary.org/obo/UBERON_0018657,
Pupal Case,pupal case,http://purl.obolibrary.org/obo/UBERON_0018657,
#recruits,,,#wrong mapping in life stage name - looks like relation
juv.,juvenile,http://purl.obolibrary.org/obo/PATO_0001190,
reproductive,reproductive process,http://purl.obolibrary.org/obo/GO_0022414,
Seedling,seedling,http://purl.obolibrary.org/obo/PO_0008037,
#Senescing,,,#plant matches preserved specimen
#stage 1,,,#organism matches are from WORMS taxonomy
#stage III,,,#only reported for fungus Puccinia graminis
statoblasts,statoblast,http://purl.obolibrary.org/obo/PORO_0000553,
subadult,subadult,,#reported for a variety of organisms - whale/artic/fox/etc
Sub-adult,subadult,,#reported for a variety of organisms - whale/artic/fox/etc
sub-adult,subadult,,#reported for a variety of organisms - whale/artic/fox/etc
Teleutospores,teliospore,http://purl.obolibrary.org/obo/FAO_0000022,#also known as teliospore
Telomorph,telomorph,,#fungal life stage
tetrathyridia,tetrathyridium,,#life stage of tapeworms Mesocestoides
tetrathyridium,tetrathyridium,,#life stage of tapeworms Mesocestoides
Tritonymph,tritonymph,,#its one of the larval stage of mites
#Type coll.,,,#only reported for fungus genus Puccinia
#unspecified,,,
#Unspecified,,,
Vegetative,vegetative,,
vegetative,vegetative,,
VEGETATIVE STRUCTURE,vegetative structure,,
vegetative structure,vegetative structure,,
VELIGER,veliger stage,http://purl.obolibrary.org/obo/UBERON_0014863,
young,young,http://purl.obolibrary.org/obo/PATO_0000309,
young of year,young,http://purl.obolibrary.org/obo/PATO_0000309,
